Luminous Accords,The Plains of Perdition
BANK-EU-RO-224,The Region That Has No Big Banks
Treaty of the Shining Seas,The South Pacific
Treaty of Frites,Spiritus
Treaty of Styx,Lazarus
The Aegis Accords,The Aegis Accords
Treaty of the Archipelagos,10000 Islands
Treaty of Par Vollen,The Order of the Grey Wardens
Modern Gameplay Compact,Modern Gameplay Compact
Treaty of Morya,The League and Concord
Treaty of Lucent,Thaecia
Treaty of Taunton,The Land of Kings and Emperors
Treaty of Klunvorden,The East Pacific
Treaty of Friendship Between Europeia And The West Pacific,The West Pacific
World Assembly Legislative League,World Assembly Legislative League
Treaty of Friendship Between Balder and Europeia,Balder