Sovereign Seven,Sovereign Seven
Pact of the West Cocytus,The Plains of Perdition
Treaty of Dayglow,Talonia
Everywhen Accords,The Outback
Anteria-TWP Declaration of Friendship,Anteria
Cultural Agreement Between TSR and TWP,The Sasquatch Republic
Fellowship of Regional Diplomacy,FOCUS
Memoranda of Understanding,The United Regions Alliance
TWP & Karma's Excellent Adventure,Karma
Treaty of Fùhuó,Lazarus
Treaty of Eraelith,Balder
Treaty of Friendship Between Europeia And The West Pacific,Europeia
Treaty of the Imperium,The Land of Kings and Emperors
The West Pacific-Equilism Treaty,Equilism